species,tags
238.95943/0.816,F
150.08929/1.367,F
254.93697/0.789,F
242.19946/3.978,F
361.91948/0.878,F
287.9149/0.873,F
219.92746/0.872,F
360.21504/14.394,F
210.06172/1.345,F
271.93734/0.873,F
272.12609/4.258,F
152.02558/0.81,F
124.0307/0.813,F
240.99241/0.794,F
225.07666/1.424,F
643.48748/15.476,F
377.31432/14.291,F
256.96999/0.784,F
215.94349/0.796,F
197.14165/6.319,F
351.89071/0.888,F
497.8947/0.877,F
449.37193/16.116,F
321.80416/0.913,F
120.0787/1.619,F
305.1839/4.591,F
379.76307/0.914,F
767.53312/11.093,F
355.90263/0.873,F
687.51369/15.439,F
184.15768/1.327,F
154.11064/4.512,F
305.18391/4.842,F
772.48792/11.088,F
341.86191/0.894,F
565.88233/0.876,F
203.9499/0.872,F
327.89103/0.81,F
339.92503/0.873,F
409.84953/0.891,F
331.19956/3.812,F
141.94088/0.97,F
277.88615/0.891,F
389.79194/0.901,F
293.18389/4.933,F
423.89025/0.873,F
375.23708/13.028,F
265.92049/0.855,F
521.42952/17.631,F
183.19873/6.489,F
305.18389/4.505,F
399.82069/0.896,F
439.71874/0.917,F
283.19958/2.204,F
120.03237/1.288,F
331.83302/0.899,F
333.90811/0.861,F
232.17877/4.24,F
351.22591/4.241,F
268.12872/4.176,F
391.24738/12.61,F
330.15717/15.058,F
331.19957/4.001,F
380.229/5.907,F
154.04667/1.163,F
731.54007/15.4,F
527.35719/7.179,F
363.22585/3.715,F
190.12055/3.48,F
305.18389/4.351,F
326.13421/8.621,F
157.14676/1.341,F
293.18393/5.398,F
89.9694/1.116,F
232.07122/6.53,F
331.1996/4.29,F
422.19194/11.275,F
349.88571/0.864,F
283.90314/0.89,F
254.1631/7.531,F
261.90861/0.891,F
360.2878/14.292,F
291.16823/2.62,F
184.01618/0.79,F
287.17334/4.34,F
286.14172/4.003,F
286.1417/10.19,F
487.86597/0.886,F
475.90027/0.872,F
221.88143/1.108,F
377.87346/0.776,F
447.75058/0.902,F
305.18389/4.152,F
449.74768/0.902,F
120.03242/1.055,F
417.87335/0.866,F
491.87784/0.872,F
326.13423/8.524,F
256.01705/8.956,F
351.22586/5.566,F
345.21528/7.135,F
331.19956/3.496,F
293.18392/4.575,F
305.1839/4.063,F
477.83701/0.892,F
368.9176/0.787,F
286.22574/6.017,F
221.88153/0.898,F
93.99346/0.963,F
220.16885/8.219,F
228.18381/2.966,F
543.88768/0.872,F
286.14172/4.196,F
335.23086/3.523,F
218.1631/3.126,F
286.14176/4.29,F
432.3454/16.115,F
331.19957/3.668,F
217.20426/5.974,F
190.02187/1.508,F
277.15262/4.59,F
277.15264/4.842,F
253.14027/2.811,F
319.19956/4.059,F
319.19956/3.962,F
319.19962/4.814,F
418.29478/11.092,F
457.77951/0.898,F
231.18348/4.514,F
335.23087/3.425,F
291.16822/2.541,F
359.19461/6.271,F
472.33774/15.608,F
330.22296/11.774,F
287.17333/4.104,F
311.91343/0.81,F
555.85351/0.881,F
254.93185/0.756,F
406.29461/9.89,F
336.22782/11.702,F
287.17334/4.428,F
459.77666/0.897,F
305.25669/11.937,F
345.21532/6.977,F
231.91033/0.883,F
363.22591/5.244,F
319.19956/3.62,F
254.11304/2.985,F
112.06375/1.345,F
319.1996/4.287,F
611.8756/0.871,F
291.16825/3.045,F
297.19169/9.096,F
397.219/13.03,F
331.1996/4.196,F
294.14444/4.871,F
210.08685/2.238,F
363.22592/4.98,F
253.2042/9.866,F
507.7064/0.903,F
306.24074/6.98,F
329.89621/0.889,F
273.93492/0.873,F
363.2259/4.033,F
317.18392/7.137,F
559.86535/0.872,F
380.2543/11.974,F
794.32994/10.252,F
180.07628/2.952,F
238.11815/4.64,F
319.19956/3.547,F
287.17342/4.231,F
319.19957/3.84,F
414.24678/4.003,F
197.17808/8.164,F
186.04921/0.798,F
301.18901/5.611,F
319.1996/4.539,F
347.23094/6.994,F
254.07667/2.443,F
291.16823/3.215,F
277.15259/2.449,F
240.09739/2.494,F
277.189/4.43,F
305.18391/3.969,F
253.15262/1.655,F
309.20294/6.443,F
335.84497/0.894,F
317.93055/0.861,F
234.18319/5.271,F
308.16005/8.773,F
264.09743/4.104,F
224.0661/3.297,F
236.11376/3.671,F
329.74641/0.937,F
235.17841/3.482,F
319.19959/4.901,F
319.19958/6.993,F
210.08686/3.606,F
296.14721/2.906,F
317.18397/6.975,F
310.13931/8.57,F
298.1757/10.202,F
348.26417/14.071,F
213.17293/4.514,F
260.1389/7.702,F
276.23011/12.593,F
271.14209/5.438,F
563.35228/4.764,F
369.2518/12.877,F
363.22594/5.139,F
191.15219/1.204,F
211.11853/4.767,F
240.18783/15.088,F
259.14204/4.341,F
336.11861/6.266,F
268.12878/5.993,F
196.07122/3.988,F
310.13932/9.026,F
280.16512/9.518,F
361.8958/0.774,F
351.2259/4.471,F
278.14952/5.459,F
249.94296/0.852,F
314.13671/6.267,F
517.73552/0.899,F
185.2144/6.52,F
278.17305/7.026,F
240.18779/15.061,F
565.66538/0.905,F
250.08176/3.443,F
277.15263/4.505,F
351.22591/5.996,F
352.18638/6.722,F
525.76716/0.896,F
306.2172/11.625,F
323.19454/5.566,F
220.13116/5.481,F
777.4436/0.936,F
349.21023/8.622,F
207.14721/1.328,F
252.13383/5.674,F
209.04303/1.584,F
515.73822/0.9,F
380.25425/11.84,F
363.22594/5.641,F
317.18393/8.089,F
373.23677/11.589,F
353.27791/12.467,F
543.88925/0.871,F
245.1264/6.185,F
267.94089/0.805,F
386.19203/6.545,F
299.20984/11.16,F
347.23094/6.738,F
366.14305/7.896,F
335.19454/5.139,F
325.27303/3.239,F
231.18349/8.384,F
287.17339/5.745,F
335.19455/5.245,F
333.17889/8.039,F
252.13382/6.86,F
347.23101/5.278,F
210.05047/2.355,F
345.21531/8.089,F
345.21531/7.351,F
274.14175/5.625,F
277.18899/4.663,F
225.17299/17.166,F
252.13382/6.42,F
347.23098/5.207,F
240.09738/2.39,F
537.87124/0.864,F
331.16326/6.271,F
607.3785/4.969,F
448.34167/11.084,F
115.00921/1.509,F
170.14196/6.567,F
441.87143/0.795,F
332.23175/14.05,F
431.23098/11.413,F
330.22297/11.909,F
102.04701/1.615,F
210.08688/4.282,F
296.17378/1.588,F
238.08176/3.429,F
335.19455/4.979,F
254.15185/9.818,F
236.10253/3.935,F
274.22574/7.269,F
322.21211/12.145,F
293.18393/4.435,F
277.15264/4.35,F
267.85735/0.897,F
246.12323/9.976,F
366.14307/7.082,F
335.23092/4.63,F
335.19457/5.471,F
445.21027/11.766,F
239.18858/9.026,F
305.18391/2.359,F
240.09742/3.626,F
527.76432/0.898,F
287.17341/4.558,F
291.20467/4.438,F
323.19457/5.31,F
695.84103/0.872,F
274.15295/10.902,F
335.23093/4.871,F
336.11864/6.361,F
232.09237/1.424,F
248.10252/5.043,F
259.14203/3.32,F
248.10254/4.757,F
251.8798/0.896,F
271.1421/5.311,F
330.22303/11.651,F
279.84028/0.902,F
287.17341/4.76,F
336.155/7.619,F
323.05932/10.946,F
560.3903/15.548,F
238.11814/3.337,F
298.1393/3.037,F
242.11548/6.994,F
314.13672/6.361,F
244.05593/1.693,F
266.11312/5.784,F
359.19464/6.361,F
334.17574/9.909,F
271.17844/5.043,F
226.20459/6.442,F
354.21322/14.054,F
363.22597/5.471,F
452.36167/10.688,F
434.32601/11.087,F
259.00303/0.788,F
291.16825/2.256,F
296.1601/7.287,F
268.12876/6.937,F
347.1946/6.706,F
352.1864/8.199,F
252.13382/6.343,F
382.26977/14.294,F
222.08689/3.944,F
271.17845/6.301,F
385.91832/0.863,F
299.22101/7.53,F
350.17075/9.094,F
335.19452/3.713,F
254.11304/2.595,F
359.23102/5.837,F
307.19962/5.292,F
605.85914/0.865,F
352.18641/8.499,F
268.12874/4.047,F
296.16008/6.738,F
333.17888/8.28,F
269.9705/1.107,F
254.11311/1.598,F
336.15501/7.29,F
276.15737/3.037,F
375.22604/4.525,F
214.08419/3.32,F
300.1938/9.219,F
301.15264/3.628,F
575.6943/0.9,F
286.14177/5.941,F
259.14207/4.228,F
298.08199/4.589,F
336.19142/8.526,F
317.18396/7.351,F
259.14202/3.466,F
198.12567/4.402,F
182.10559/1.858,F
364.25919/14.371,F
376.2592/13.081,F
375.22601/4.657,F
273.15769/3.877,F
301.15266/3.941,F
238.17914/8.02,F
458.27305/4.286,F
331.19965/5.225,F
271.17844/6.091,F
436.22869/4.003,F
263.13694/3.217,F
191.15232/1.029,F
278.07674/3.943,F
254.11305/2.319,F
301.18902/8.892,F
261.19407/3.945,F
239.22495/9.573,F
260.21009/6.319,F
294.18083/9.017,F
390.31145/16.127,F
350.23076/8.798,F
227.14231/8.932,F
261.19406/3.338,F
236.10251/5.118,F
423.09598/12.658,F
340.22518/12.194,F
245.12636/2.401,F
384.17638/9.33,F
180.03991/2.204,F
481.22919/4.248,F
300.17022/10.536,F
278.14949/8.042,F
267.1811/9.365,F
347.19465/4.769,F
154.11068/1.37,F
259.94172/1.108,F
287.17338/5.119,F
396.17625/7.829,F
240.13621/3.755,F
347.23106/5.423,F
166.02425/1.66,F
263.13694/3.043,F
326.13426/8.219,F
408.15519/9.327,F
317.18394/8.195,F
254.15187/7.229,F
363.22594/4.316,F
367.25729/8.795,F
240.0974/2.213,F
296.16011/7.01,F
301.18903/3.651,F
305.22036/4.77,F
236.10252/6.373,F
281.16039/6.863,F
347.19463/4.538,F
168.03989/1.889,F
274.14176/6.432,F
651.40476/5.156,F
347.19461/4.457,F
372.21272/8.798,F
359.08055/11.596,F
305.18391/2.27,F
383.28864/7.663,F
375.22607/4.767,F
246.19445/5.307,F
366.16578/9.6,F
326.13429/6.743,F
319.1996/6.737,F
286.13931/1.864,F
277.1526/2.749,F
367.22092/5.755,F
350.13438/5.604,F
222.08687/3.79,F
298.13932/3.258,F
212.01656/1.325,F
505.70935/0.902,F
263.13695/2.622,F
278.07673/3.627,F
276.15741/3.504,F
298.13933/3.505,F
261.19408/6.446,F
333.17887/3.1,F
350.17072/11.044,F
212.06611/2.749,F
298.08201/4.842,F
306.10807/6.672,F
361.21025/8.097,F
236.13888/9.024,F
252.19511/6.947,F
286.08199/4.574,F
223.08213/1.931,F
366.27727/14.418,F
222.08688/5.101,F
286.08199/4.932,F
371.25228/3.292,F
321.17888/8.622,F
278.18586/11.542,F
336.15503/7.489,F
378.29844/8.477,F
453.90573/0.865,F
305.18392/2.927,F
313.17376/2.907,F
305.1839/3.209,F
345.21534/8.195,F
297.17883/2.296,F
350.20714/11.254,F
243.21987/11.787,F
291.20466/4.175,F
357.2001/3.38,F
278.1495/7.318,F
262.93971/0.765,F
262.2145/11.476,F
307.19961/5.066,F
232.1076/6.583,F
222.07935/8.032,F
351.22591/6.177,F
285.15774/5.163,F
292.16516/8.647,F
375.29876/11.959,F
342.05402/11.596,F
366.16572/9.494,F
330.15724/14.936,F
228.09741/2.485,F
417.21546/9.592,F
492.35421/10.689,F
276.15738/2.793,F
335.19458/5.646,F
451.19577/10.417,F
276.1938/10.186,F
319.16324/4.462,F
269.23554/12.639,F
305.22034/4.875,F
259.14202/3.602,F
266.14948/7.385,F
379.22094/8.777,F
347.19462/10.183,F
376.25923/14.073,F
417.24776/13.621,F
263.13694/2.537,F
323.19458/4.244,F
252.13382/6.276,F
307.19965/5.487,F
331.16326/6.36,F
327.16835/5.871,F
401.22638/3.766,F
271.14207/5.027,F
270.10803/3.869,F
382.16069/12.243,F
104.02624/11.829,F
325.18902/11.764,F
400.17118/8.781,F
410.15067/13.593,F
359.23101/5.649,F
280.16514/6.27,F
298.1393/2.793,F
226.11815/2.074,F
411.2009/7.08,F
327.20472/5.094,F
319.19961/6.43,F
319.19962/5.624,F
301.18903/3.975,F
407.25217/8.777,F
377.24167/3.332,F
158.11692/1.337,F
204.14747/1.927,F
345.21533/3.82,F
298.13933/3.359,F
301.18904/3.758,F
218.91603/0.894,F
277.18904/1.599,F
370.17439/6.038,F
250.08181/3.969,F
794.32878/10.57,F
391.25736/7.98,F
269.18392/3.477,F
575.69562/0.899,F
264.13385/5.861,F
277.15263/3.028,F
240.13621/3.382,F
298.11661/4.32,F
269.16277/7.064,F
326.17091/5.877,F
491.21589/8.095,F
345.21534/3.666,F
633.6533/0.901,F
277.15264/4.075,F
304.09239/5.873,F
386.18624/11.196,F
273.1577/3.98,F
272.24646/9.366,F
337.2102/9.742,F
182.06686/1.339,F
445.84825/0.78,F
276.23013/12.307,F
180.07631/7.976,F
289.22543/6.259,F
335.20577/10.405,F
434.32589/9.891,F
232.20389/12.526,F
350.17074/11.244,F
438.20062/9.347,F
347.19464/6.259,F
220.10761/5.088,F
296.16015/7.585,F
351.18961/5.351,F
473.24152/11.766,F
345.21534/3.551,F
327.16831/7.882,F
307.19963/4.777,F
465.14273/14.942,F
269.23553/12.369,F
198.12568/4.175,F
170.98455/0.789,F
299.80973/0.902,F
285.15775/5.49,F
240.06102/2.952,F
280.13997/2.498,F
226.04538/1.725,F
248.20018/8.218,F
320.19651/10.521,F
298.08201/4.507,F
237.09774/2.941,F
262.11817/5.207,F
302.1343/5.638,F
308.19657/10.022,F
346.24857/13.513,F
344.12399/4.24,F
254.16313/5.419,F
277.18899/2.32,F
363.22595/7.983,F
362.15552/3.381,F
284.24655/5.146,F
285.15776/4.29,F
357.23655/4.304,F
340.15/8.654,F
213.17295/7.631,F
299.20976/7.227,F
288.08218/2.39,F
262.0818/5.162,F
225.0089/2.88,F
424.28054/17.012,F
240.09743/5.292,F
239.18858/9.652,F
213.0249/8.604,F
210.0505/3.665,F
301.80682/0.904,F
377.24172/4.812,F
320.23286/13.795,F
252.15736/3.477,F
521.89362/0.866,F
440.93659/1.529,F
282.16923/7.978,F
278.1131/3.975,F
315.1683/7.899,F
273.15771/4.066,F
254.18579/12.523,F
130.07828/12.664,F
172.12124/2.346,F
277.18899/2.595,F
460.18256/9.348,F
265.15268/5.399,F
266.13666/3.421,F
306.10806/6.299,F
304.09243/5.665,F
319.236/4.349,F
269.23554/11.46,F
321.21524/2.793,F
389.23177/14.898,F
236.12606/3.462,F
379.22098/5.35,F
247.17843/3.387,F
366.16575/4.464,F
384.28787/13.387,F
277.18899/2.985,F
241.20423/9.619,F
321.17885/8.525,F
305.18397/7.614,F
524.28129/4.538,F
382.1607/11.832,F
253.20426/10.583,F
269.23555/12.187,F
356.12395/3.711,F
286.08197/4.434,F
397.13855/12.658,F
252.061/2.522,F
172.12127/1.65,F
424.20769/11.654,F
269.14749/2.291,F
197.14167/2.44,F
355.10842/12.391,F
242.11308/1.447,F
278.11315/3.65,F
269.23553/12.957,F
362.24353/12.68,F
388.29567/15.747,F
337.21018/2.559,F
234.1468/4.701,F
366.16575/10.863,F
691.6138/0.904,F
366.16576/11.781,F
327.20469/7.031,F
298.08198/4.351,F
612.33373/4.969,F
290.07674/4.479,F
305.18396/7.51,F
330.15726/14.688,F
382.1607/11.502,F
282.08706/3.634,F
321.21525/3.036,F
207.14713/3.48,F
320.08735/4.227,F
254.15188/6.708,F
325.27305/4.75,F
434.3259/11.26,F
269.23556/12.027,F
262.15455/7.904,F
589.21641/8.794,F
269.23556/11.735,F
301.18906/4.212,F
317.18395/9.871,F
292.09239/3.315,F
253.1791/4.779,F
265.14274/7.978,F
199.13216/1.628,F
235.14203/2.498,F
355.19972/7.882,F
347.80711/0.902,F
314.02264/8.802,F
310.17578/4.523,F
242.11305/1.533,F
228.93066/0.762,F
483.29497/3.914,F
269.23554/11.895,F
568.30769/4.765,F
333.20543/8.424,F
232.10759/6.825,F
301.189/1.789,F
563.66845/0.907,F
285.15774/4.416,F
297.06648/6.841,F
259.14209/5.357,F
362.24351/12.932,F
389.24173/3.832,F
321.21526/3.264,F
350.17074/11.825,F
515.27109/4.24,F
313.15267/4.474,F
271.17847/5.661,F
366.16571/11.013,F
357.83595/0.896,F
388.29568/15.268,F
326.1708/8.492,F
413.22047/12.752,F
239.13695/2.807,F
267.11082/3.555,F
337.2254/11.752,F
337.21022/5.696,F
673.45603/16.668,F
309.21529/5.347,F
377.20529/12.243,F
327.16835/6.126,F
228.96752/1.345,F
566.23456/4.259,F
695.43096/5.328,F
298.08198/4.152,F
239.12464/1.624,F
440.20244/11.251,F
345.21535/3.304,F
305.22163/8.881,F
241.20423/10.987,F
210.17328/8.27,F
300.1574/3.552,F
377.20528/11.502,F
353.2204/11.763,F
343.16335/4.227,F
311.24621/12.662,F
366.16575/12.353,F
389.2681/9.891,F
275.20976/4.377,F
420.31034/10.544,F
345.21531/3.222,F
252.1185/10.978,F
179.9886/1.109,F
633.65527/0.902,F
361.21028/10.863,F
235.14202/2.391,F
325.2618/8.316,F
257.12641/3.185,F
315.78722/0.906,F
246.15804/1.929,F
465.72169/0.905,F
222.04641/3.778,F
214.1682/4.886,F
271.25118/8.489,F
277.18898/2.038,F
289.8483/0.898,F
336.25271/6.795,F
301.18903/3.878,F
314.14948/11.752,F
413.22937/9.189,F
350.23199/8.425,F
656.36014/5.155,F
363.23718/10.404,F
158.10565/1.332,F
356.10627/12.39,F
157.08529/1.355,F
169.96962/1.338,F
158.0099/0.902,F
257.1264/3.36,F
305.14758/3.596,F
241.20423/10.652,F
241.20425/10.193,F
275.20974/3.882,F
238.20458/10.14,F
278.09196/11.829,F
305.22034/4.425,F
158.10566/1.367,F
257.12639/5.163,F
319.236/4.857,F
313.15264/3.029,F
168.12633/4.875,F
518.23414/4.574,F
284.16001/3.104,F
389.26809/11.759,F
247.94698/1.336,F
518.2342/4.932,F
381.9507/1.518,F
232.09767/8.933,F
346.02021/1.517,F
419.27866/12.251,F
177.0921/7.494,F
241.20425/10.037,F
241.20423/9.835,F
310.17218/14.69,F
312.15501/2.492,F
361.2103/12.352,F
280.16523/6.017,F
241.20423/9.926,F
274.16034/9.059,F
387.88895/1.529,F
349.11145/14.013,F
285.26686/8.711,F
194.06136/1.739,F
304.20728/14.688,F
450.35593/9.848,F
173.02699/1.338,F
339.24242/13.129,F
298.06408/10.778,F
214.03288/1.517,F
229.95383/8.802,F
418.29463/11.587,F
280.06156/7.912,F
220.04848/3.86,F
330.14444/11.764,F
327.93173/8.469,F
213.17294/7.048,F
287.99869/1.337,F
(+)-10-Deoxymethynolide,F
(+)-Castanospermine,D
(+)-Castanospermine,D
(+)-Eudesmin,D
(+)-Eudesmin,F
(+)-Eudesmin,F
(10s)-Juvenile Hormone Iii Diol,F
(11e)-15-Oxo-11-Icosenoic Acid,D
(11e)-15-Oxo-11-Icosenoic Acid,F
(1e)-1-1-(Methyldisulfanyl)Propylsulfinyl-1-Propene,F
"(1r,2r,3s,6s,7r,9s,10s,11s,13r,14r)-11-(1-Hydroxy-2-Propanyl)-3,7,10-Trimethyl-15-Oxapentacyclo7.5.1.01,6.07,13.010,14pentadecane-2,6,9,11,13,14-Hexol",D
"(1s,5r)-5-Isopropenyl-2-Methyl-2-Cyclohexen-1-Yl Î-D-Glucopyranosid",F
"(1s,5r)-5-Isopropenyl-2-Methyl-2-Cyclohexen-1-Yl Î-D-Glucopyranosid",F
"(1s,5r)-5-Isopropenyl-2-Methyl-2-Cyclohexen-1-Yl Î-D-Glucopyranosid",F
(2r)-N-(2s)-1-Amino-3-Cyclohexyl-1-Oxo-2-Propanyl-1-(Cyclohexylcarbonyl)-2-Piperazinecarboxamide,E
"(2s)-3-Hydroxy-1,2-Propanediyl Dibutanoate",F
"(2s)-3-Hydroxy-1,2-Propanediyl Dibutanoate",F
"(2s)-3-Hydroxy-1,2-Propanediyl Dibutanoate",F
"(2s,3s,4r,5r)-5-(6-Aminopurin-9-Yl)-3,4-Dihydroxyoxolane-2-Carboxamide",F
"(2s,3s,4r,5r)-5-(6-Aminopurin-9-Yl)-3,4-Dihydroxyoxolane-2-Carboxamide",F
"(2z)-3,7-Dimethyl-2,6-Octadien-1-Yl 3-Oxobutanoate",D
"(2z)-3-(3,4,5-Trimethoxyphenyl)-2-Propen-1-Yl Acetate",D
"(2z)-3-(3,4,5-Trimethoxyphenyl)-2-Propen-1-Yl Acetate",D
"(2z)-3-4,5-Dihydroxy-2-(2-Hydroxy-2-Propanyl)-2,3-Dihydro-1-Benzofuran-7-Ylacrylic Acid",F
"(2z)-N-(3-Aminopropyl)-N-4-(3-Aminopropyl)Aminobutyl-3-(4-Hydroxy-3,5-Dimethoxyphenyl)Acrylamide",F
"(3s)-3-(1,3-Dihydroxypentyl)Oxy-4-(Trimethylammonio)Butanoate",F
"(3s)-3-(1,3-Dihydroxypentyl)Oxy-4-(Trimethylammonio)Butanoate",F
"(3s)-3-(1,3-Dihydroxypentyl)Oxy-4-(Trimethylammonio)Butanoate",F
(3s)-3-(2e)-4-Carboxy-2-Butenoyloxy-4-(Trimethylammonio)Butanoate,F
(3s)-3-(2e)-4-Carboxy-2-Butenoyloxy-4-(Trimethylammonio)Butanoate,F
"(3s,6r,7s)-6,7-Dihydroxy-8-Methyl-8-Azabicyclo3.2.1oct-3-Yl (2e)-2-Methyl-2-Butenoate",F
"(3s,6r,7s)-6,7-Dihydroxy-8-Methyl-8-Azabicyclo3.2.1oct-3-Yl (2e)-2-Methyl-2-Butenoate",F
"(3s,6r,7s)-6,7-Dihydroxy-8-Methyl-8-Azabicyclo3.2.1oct-3-Yl (2e)-2-Methyl-2-Butenoate",F
"(3s,6r,7s)-6,7-Dihydroxy-8-Methyl-8-Azabicyclo3.2.1oct-3-Yl (2e)-2-Methyl-2-Butenoate",F
"(4e)-5-Hydroxy-4-(2e,4e,6r)-1-Hydroxy-6-(3r,4r,6r)-6-Hydroxy-1,4,8-Trimethyl-2,9-Dioxabicyclo3.3.1non-7-En-3-Yl-4-Methyl-2,4-Heptadien-1-Ylidene-2,4-Dihydro-3h-Pyrrol-3-One",F
"(4e)-5-Hydroxy-4-(2e,4e,6r)-1-Hydroxy-6-(3r,4r,6r)-6-Hydroxy-1,4,8-Trimethyl-2,9-Dioxabicyclo3.3.1non-7-En-3-Yl-4-Methyl-2,4-Heptadien-1-Ylidene-2,4-Dihydro-3h-Pyrrol-3-One",F
"(4e)-5-Hydroxy-4-(2e,4e,6r)-1-Hydroxy-6-(3r,4r,6r)-6-Hydroxy-1,4,8-Trimethyl-2,9-Dioxabicyclo3.3.1non-7-En-3-Yl-4-Methyl-2,4-Heptadien-1-Ylidene-2,4-Dihydro-3h-Pyrrol-3-One",D
(4s)-4-(2e)-2-Octenoyloxy-4-(Trimethylammonio)Butanoate,F
(4s)-4-(2e)-2-Octenoyloxy-4-(Trimethylammonio)Butanoate,F
(4s)-4-(2e)-2-Octenoyloxy-4-(Trimethylammonio)Butanoate,F
(4s)-4-(6-Carboxyhexanoyl)Oxy-4-(Trimethylammonio)Butanoate,F
(4s)-4-(6-Carboxyhexanoyl)Oxy-4-(Trimethylammonio)Butanoate,F
(4s)-4-(6-Carboxyhexanoyl)Oxy-4-(Trimethylammonio)Butanoate,F
(4s)-4-(6-Carboxyhexanoyl)Oxy-4-(Trimethylammonio)Butanoate,F
(4s)-4-(6-Carboxyhexanoyl)Oxy-4-(Trimethylammonio)Butanoate,D
(4s)-4-(6-Carboxyhexanoyl)Oxy-4-(Trimethylammonio)Butanoate,D
(4s)-4-(6-Carboxyhexanoyl)Oxy-4-(Trimethylammonio)Butanoate,F
(9z)-9-Octadecenamide,F
(E)-Dacarbazine,D
(E)-P-Coumaric Acid,D
"(E,E)-2,4-Dodecadienal",D
(Hydroxyethyl)Methacrylate,D
(R)-3-Hydroxybutyrylcarnitine,E
(R)-3-Hydroxybutyrylcarnitine,D
(R)-3-Hydroxybutyrylcarnitine,E
(R)-3-Hydroxybutyrylcarnitine,F
(R)-Osutidine,F
(S)-Piperazine-2-Carboxylic Acid,D
(Z)-4-Methyl-2-Phenylpent-2-Enal,F
()-Camphoric Aci,D
()-Camphoric Aci,D
()-Selegilin,D
(Â)-(Îą)-Kainic A,D
(Â)-Lupini,D
(Â)-Prostaglandin,D
(Â)-Prostaglandin,D
.Alpha.-Aminoadipic Acid,D
"1,3,5-Trimethoxybenzene",D
"1,3,5-Trimethoxybenzene",D
"1,3,5-Trimethoxybenzene",D
"1,3,5-Trimethoxybenzene",D
"1,3,5-Trimethoxybenzene",D
"1,3,5-Trimethoxybenzene",D
"1,3-Dihydroxy-2-Propanyl (13z,16z)-13,16-Docosadienoate",F
"1-(3-Ethyl-2,4-Dihydroxy-6-Methoxyphenyl)Butan-1-One",B
1-5-(4-Hydroxy-2-Butanyl)-2-Methyltetrahydro-2-Furanyl-4-Methyl-2-Pentanone,F
1-Cyclohexenecarboxylic Acid,D
1-Deoxy-1-(4-Morpholinyl)-Îą-D-Fructofuranos,F
1-Deoxy-1-(4-Morpholinyl)-Îą-D-Fructofuranos,F
1-Deoxy-1-(4-Morpholinyl)-Îą-D-Fructofuranos,F
1-Octadecyl (2z)-2-Butenedioate,F
10-Oxo-8-Decenoic Acid,D
11-Aminoundecanoic Acid,D
12-Aminododecanoic Acid,C
"13,14-Dihydro-15-Keto-Tetranor Prostaglandin E2",E
13-Kode,D
13s-Hydroxyoctadecadienoic Acid,D
"2,3,4,5-Tetrahydrodipicolinic Acid",F
"2,3-Dimethoxy-5-Methylhydroquinone",D
"2,4,6-Triisobutyl-1,3,5-Dithiazinane",F
"2,4,6-Triisobutyl-1,3,5-Dithiazinane",F
"2,4-Dihydroxyheptadec-16-Ynyl Acetate",F
"2,5-Dihydroxy-3,6-Di(1h-Indol-3-Yl)-1,4-Benzoquinone",F
2-(2-Carboxyethyl)-4-Methyl-5-Pentyl-3-Furoic Acid,F
2-(2-Carboxyethyl)-4-Methyl-5-Pentyl-3-Furoic Acid,D
2-(2-Carboxyethyl)-4-Methyl-5-Pentyl-3-Furoic Acid,F
2-(2-Carboxyethyl)-4-Methyl-5-Pentyl-3-Furoic Acid,F
2-(2-Ethoxyethoxy)Ethanol,D
"2-(4-Isopropyl-4-Methyl-5-Oxo-4,5-Dihydro-1h-Imidazol-2-Yl)-4-Methylbenzoic Acid",F
2-Acetylcyclohexanone,D
"2-Amino-4-Hydroxy-7,8-Dihydro-6-Pteridinecarboxamide",F
"2-Amino-4-Hydroxy-7,8-Dihydro-6-Pteridinecarboxamide",F
2-Aminoadenosine,F
2-Aminoadenosine,F
2-Aminoadenosine,F
2-Anisidine,C
2-Butylfuran,F
2-Butylfuran,D
2-Deoxyhexopyranose,C
2-Deoxypentose,D
2-Hexenoylcarnitine,F
2-Hexenoylcarnitine,F
2-Hexenoylcarnitine,F
"2-Hydroxy-3-(2,3,4-Trimethoxyphenyl)Propanoic Acid",D
2-Hydroxy-4-(Methylthio)Butanoic Acid,D
2-Isobutyl-3-Methoxypyrazine,F
2-Isocapryloyl-3r-Hydroxymethyl-Î-Butyrolacton,F
2-Methoxy-5-Methylaniline,C
2-Methoxy-5-Methylaniline,C
2-Methylaminoadenosine,F
2-Methylaminoadenosine,F
2-Methylaminoadenosine,F
2-Methylaminoadenosine,F
2-Methylbutyrylcarnitine,D
2-Methylbutyrylcarnitine,F
2-Methylbutyrylcarnitine,F
2-Methylbutyrylcarnitine,D
2-Methylbutyrylcarnitine,F
2-Methylbutyrylcarnitine,F
2-Methylbutyrylcarnitine,F
2-Methylbutyrylcarnitine,F
2-Monolinolein,F
2-Monolinolein,F
2-Morpholinoacetic Acid,D
2-Oxosuberate,F
2-Phenyl-4-Pentenal,F
2-Pyrrolidone,F
2-Pyrrolidone,D
"2-(2r,3s,4r,5r)-5-(6-Amino-9h-Purin-9-Yl)-3,4-Dihydroxytetrahydro-2-Furanylmethyl-4-Hydroxybutanimidic Acid",F
"2-(2r,3s,4r,5r)-5-(6-Amino-9h-Purin-9-Yl)-3,4-Dihydroxytetrahydro-2-Furanylmethyl-4-Hydroxybutanimidic Acid",F
"3,4-Dimethyl-5-Pentyl-2-Furanpropanoic Acid",F
"3,5-Di-Tert-Butyl-4-Hydroxybenzaldehyde",B
"3,5-Di-Tert-Butylbenzoquinone",D
"3,6,9,12-Tetraoxatridecan-1-Ol",F
"3,6,9,12-Tetraoxatridecan-1-Ol",F
3-(3-Pyridinyl)Propanoic Acid,C
3-(5-Pyridin-3-Yl-2-Thienyl)Prop-2-Yn-1-Ol,B
"3-(2,6-Dimethylheptanoyl)Oxy-4-(Trimethylammonio)Butanoate",D
"3-(2,6-Dimethylheptanoyl)Oxy-4-(Trimethylammonio)Butanoate",F
3-(2z)-1-Oxo-2-Buten-2-Ylpentanedioic Acid,D
3-(3-Hydroxyheptanoyl)Oxy-4-(Trimethylammonio)Butanoate,D
3-(3-Hydroxyheptanoyl)Oxy-4-(Trimethylammonio)Butanoate,D
3-(3-Hydroxyheptanoyl)Oxy-4-(Trimethylammonio)Butanoate,D
3-(3-Hydroxyheptanoyl)Oxy-4-(Trimethylammonio)Butanoate,D
3-(3-Hydroxyheptanoyl)Oxy-4-(Trimethylammonio)Butanoate,D
3-(3-Hydroxyheptanoyl)Oxy-4-(Trimethylammonio)Butanoate,F
3-(3-Hydroxynonanoyl)Oxy-4-(Trimethylammonio)Butanoate,F
3-(3-Hydroxynonanoyl)Oxy-4-(Trimethylammonio)Butanoate,F
3-(3-Hydroxynonanoyl)Oxy-4-(Trimethylammonio)Butanoate,F
3-(3-Hydroxynonanoyl)Oxy-4-(Trimethylammonio)Butanoate,F
3-(3-Hydroxynonanoyl)Oxy-4-(Trimethylammonio)Butanoate,F
3-(3-Hydroxynonanoyl)Oxy-4-(Trimethylammonio)Butanoate,F
3-(6-Oxodecanoyl)Oxy-4-(Trimethylammonio)Butanoate,F
3-(6-Oxodecanoyl)Oxy-4-(Trimethylammonio)Butanoate,F
"3-Acetyl-2,5-Dimethylfuran",D
"3-Acetyl-2,5-Dimethylfuran",D
"3-Acetyl-2,5-Dimethyllthiophene",D
3-Amino-6-Chloropyridazine,F
3-Bha,D
3-Carboxyindole,D
3-Hydroxy-3-(3-Methylbutanoyl)Oxy-4-(Trimethylammonio)Butanoate,F
3-Hydroxy-3-(3-Methylbutanoyl)Oxy-4-(Trimethylammonio)Butanoate,F
3-Hydroxy-3-(3-Methylbutanoyl)Oxy-4-(Trimethylammonio)Butanoate,F
3-Hydroxy-3-(3-Methylbutanoyl)Oxy-4-(Trimethylammonio)Butanoate,F
3-Hydroxy-3-(3-Methylbutanoyl)Oxy-4-(Trimethylammonio)Butanoate,F
3-Hydroxy-3-(3-Methylbutanoyl)Oxy-4-(Trimethylammonio)Butanoate,F
3-Hydroxy-3-(3-Methylbutanoyl)Oxy-4-(Trimethylammonio)Butanoate,F
3-Hydroxy-3-(3-Methylbutanoyl)Oxy-4-(Trimethylammonio)Butanoate,F
3-Hydroxy-3-(3-Methylbutanoyl)Oxy-4-(Trimethylammonio)Butanoate,F
3-Hydroxy-3-(3-Methylbutanoyl)Oxy-4-(Trimethylammonio)Butanoate,F
3-Hydroxy-3-(3-Methylbutanoyl)Oxy-4-(Trimethylammonio)Butanoate,F
3-Hydroxy-3-(3-Methylbutanoyl)Oxy-4-(Trimethylammonio)Butanoate,F
3-Hydroxyoctanoylcarnitine,D
3-Hydroxyoctanoylcarnitine,F
3-Hydroxyoctanoylcarnitine,F
3-Hydroxyoctanoylcarnitine,F
3-Hydroxyoctanoylcarnitine,F
3-Hydroxysebacic Acid,F
3-Hydroxysebacic Acid,F
3-Methylbutanoic Acid,D
3-Methylglutarylcarnitine,F
3-Oxo-C12-Hsl,F
3-Tropanol,D
"3a-Hydroxy-3-(Hydroxymethyl)-1,1,3,5-Tetramethyl-Octahydro-1h-Indene-4-Carboxylic Acid",F
"3a-Hydroxy-3-(Hydroxymethyl)-1,1,3,5-Tetramethyl-Octahydro-1h-Indene-4-Carboxylic Acid",F
"4,4-Bis4-(Acetyloxy)Phenyl3-Hexanone",F
"4,4-Bis4-(Acetyloxy)Phenyl3-Hexanone",F
"4-(5,6-Dihydroxy-6-Methyl-1-Hepten-2-Yl)-1-Methyl-1,2-Cyclohexanediol",F
4-(Furfurylthio)-2-Pentanone,F
4-(Furfurylthio)-2-Pentanone,F
4-(2-Isopropyl-5-Methylcyclohexyl)Oxy-4-Oxobutanoic Acid,F
4-(2-Isopropyl-5-Methylcyclohexyl)Oxy-4-Oxobutanoic Acid,F
4-Aminophenol,D
"4-Decyl-3-Hydroxy-5-Oxooxolane-2,3-Dicarboxylic Acid",F
4-Ethylguaiacol,D
4-Nitroaniline,D
4-One,D
4-One,D
4-Oxododecanedioic Acid,F
4-Oxotretinoin,D
4-Vinylcyclohexene,F
"5-(1e)-3-Hydroxy-3-Methylbut-1-En-1-Yl-2-Methylcyclohex-5-Ene-1,2,4-Triol",F
5-Hexyl-2-Oxotetrahydro-3-Furancarboxylic Acid,F
5-Hexyl-2-Oxotetrahydro-3-Furancarboxylic Acid,F
5-Hexyl-2-Oxotetrahydro-3-Furancarboxylic Acid,F
5-Methylbenzimidazole,D
5-Methylbenzimidazole,D
5-Nitro-O-Toluidine,D
"6-(1z)-1-Propen-1-Yl-2,3,4,5-Tetrahydropyridine",D
6-Decylubiquinol,E
6-Deoxy-3-O-Methyl-Î-D-Galactopyranos,F
"6-Ethyl-5-3-2-(Trifluoromethyl)Phenoxypropoxy-2,4(1h,3h)-Pyrimidinediimine",F
6-Methyl-2-Pyridinemethanol,B
6-Methyl-2-Pyridinemethanol,C
6-Methyl-2-Pyridinemethanol,B
9-(3-Methyl-5-Pentyl-2-Furyl)Nonanoic Acid,D
(4z)-5-(Methylsulfanyl)-4-Penten-2-Yn-1-Ylbenzene,E
(4z)-5-(Methylsulfanyl)-4-Penten-2-Yn-1-Ylbenzene,E
343.17456/3.315,E
289.26172/9.641,E
396.135/12.658,E
228.18387/5.836,F
294.23082/6.137,E
555.43491/15.548,E
312.24143/4.821,E
140.04367/0.777,E
201.20933/6.71,E
314.25704/7.914,E
406.29456/11.088,E
420.31021/11.088,E
289.99399/1.338,F
431.23098/10.248,E
431.231/10.571,E
280.16518/6.546,E
170.14195/2.811,E
342.28839/9.573,E
384.17627/8.775,E
168.03861/0.8,E
222.9819/0.821,E
254.07668/3.025,E
305.22034/4.96,E
119.07355/1.616,E
238.17944/6.57,E
238.0454/3.781,E
511.40857/15.58,E
599.46133/15.513,E
310.20058/7.979,E
154.11064/3.76,E
330.15725/14.825,E
201.20932/8.689,E
282.06687/4.24,E
324.11864/6.703,E
328.18635/6.724,E
431.23092/9.593,E
194.09195/6.011,E
213.91044/0.817,E
266.21079/6.571,E
214.08418/3.468,E
250.08182/6.066,E
250.04542/6.057,E
186.0505/1.384,E
Acetanilide,F
Acetanilide,D
Acetophenone,D
Acetophenone,D
Acetyl-L-Carnitine,B
Acetyl-L-Carnitine,B
Acetyl-L-Carnitine,B
Acetylcarnitine,D
Acetylcarnitine,F
Adenosine,A
Alloxydim,F
Amdoxovir,F
Aminolevulinic Acid,D
Androstenedione,D
Apm,F
Arabinosylhypoxanthine,F
Arecoline,D
Asarone,D
Atagabalin,F
Atagabalin,F
Atagabalin,D
Atagabalin,D
Azelaic Acid,D
Bam,F
Bendiocarb,D
Benzo(A)Dibenzothiophene,F
Bis(Methylbenzylidene)Sorbitol,B
Bis(Methylbenzylidene)Sorbitol,B
Bis(Methylbenzylidene)Sorbitol,E
Blah,F
Boc-Asn,D
Brassylic Acid,F
Bufexamac,D
Butenylcarnitine,F
Butenylcarnitine,F
Butenylcarnitine,F
Butoctamide,D
Butoctamide,F
Butoctamide,F
Butoctamide,F
Butoctamide,F
Butoctamide,F
Butopyronoxyl,F
Butopyronoxyl,F
Butopyronoxyl,F
Butopyronoxyl,F
Butopyronoxyl,F
Butyl Levulinate,D
Butyl Levulinate,D
Butyl Vanillyl Ether,D
Butyl Vanillyl Ether,D
Butyl Vanillyl Ether,D
Butylated Hydroxymethylphenol,D
Butyrin,F
Butyryl-L-Homoserine Lactone,F
Butyryl-L-Homoserine Lactone,F
Butyryl-L-Homoserine Lactone,F
C7-Hsl,D
C8-Carnitine,F
C8-Carnitine,F
C8-Hsl,F
C8-Hsl,F
Caproylglycine,D
Caproylglycine,D
Caproylglycine,F
Caproylglycine,F
Capryloylglycine,D
Capryloylglycine,D
Capryloylglycine,D
Capryloylglycine,D
Capuride,F
Carboxyibuprofen,D
Carboxyibuprofen,F
Chloralodol,F
Chloranocryl,F
Choline,B
Choline,B
Cinnamyl Alcohol,D
Cis-2-Carboxycyclohexyl-Acetic Acid,F
Cis-2-Carboxycyclohexyl-Acetic Acid,F
Cis-Trihomoaconitic Acid,F
Cladinose,F
Cloprostenol,F
Coumarin,D
Creatine,A
Creatinine,C
Cropropamide,D
Cuscohygrine,F
Cyclandelate,D
Cyclohexenone,D
Cyclohexylamine,D
Cyclohexylformamide,F
Cyclohexylformamide,D
Cycluron,F
Cyprodenate,D
Cyprodenate,D
Cytosine,D
Cytosine,F
D-Pantothenic Acid,D
Daminozide,D
Decanohydroxamic Acid,F
Decyl Î-D-Threo-Hexopyranosid,F
Decylubiquinone,F
Deet,B
Dethiobiotin,D
Diacetyl Trimer,F
Dibenzothiophene 5-Oxide,F
Dibenzothiophene 5-Oxide,F
Dibutyl Adipate,F
Dibutyl Malate,F
Diethylcarbamazine,F
Diethylcarbamazine,F
Diethylmaleate,D
Dihydroartemisinin,F
Dihydroartemisinin,F
Dl-Ala-Dl-Leu,F
Dl-Carnitine,C
Dl-Carnitine,C
Dl-Glutamine,D
Dodecanedioic Acid,D
Dodecanedioic Acid,F
Dodecanedioic Acid,D
Dopamine,D
Dopamine,D
Dyclonine,F
Elaeokanine C,D
Elaeokanine C,F
Epirizole,F
Eplerenone,F
Ethosuximide,D
Ethoxyquin,F
Ethyl 2-Acetyloctanoate,C
Ethyl Acetate,D
Ethyl Acetate,D
Ethyl Butylacetylaminopropionate,D
Ethyl Butyrylacetate,D
Ethyl-2-Amino-1-Cyclohexene-1-Carboxylate,C
Ethylene Brassylate,F
Ethylparaben,D
Eugenol,D
Formiminoglutamic Acid,F
Formiminoglutamic Acid,F
Fructoselysine 6-Phosphate,F
Fructoselysine 6-Phosphate,F
Furan Fatty Acid F5,D
Furan Fatty Acid F6,F
Gabapentin,B
Gabapentin,F
Garcinone D,D
Gemfibrozil,D
Gemopatrilat,F
Geranyl Glucoside,F
Gingerdione,D
Gingerdione,D
Glutarimide,D
Glutarylcarnitine,F
Glutarylcarnitine,F
Glutarylcarnitine,F
Glutarylcarnitine,F
Gly-L-Pro,D
Gly-L-Pro,D
Glycidyl Oleate,F
Guaiacol,D
Guaiacol,D
Guaietolin,F
Guanadrel,F
Guanine,D
Guanine,D
H-Met(O)-Oh,D
Heliotrine,F
Heliotrine,F
Heliotrine,F
Heliotrine,F
Heliotrine,F
Hendecanedioic Acid,F
Heptadecenoic Acid,D
Heptaethylene Glycol,F
Hexahydropyridine,F
Hexahydropyridine,F
Hexahydropyridine,D
Hexazinone,F
Hexylresorcinol,D
Hexylresorcinol,C
Hexylresorcinol,C
His-His,F
His-His,D
His-His,F
His-His,F
His-His,F
Hmba,D
Ho-Dpeg8-Oh,F
Hopantenic Acid,F
Hopantenic Acid,F
Hopantenic Acid,F
Hopantenic Acid,F
Hopantenic Acid,F
Hopantenic Acid,F
Hostmaniane,F
Hostmaniane,F
Hostmaniane,F
Hydroxyamphetamine,D
Hydroxyhexanoycarnitine,F
Hydroxyhexanoycarnitine,F
Hydroxyhexanoycarnitine,F
Hydroxyhexanoycarnitine,F
Hydroxyhexanoycarnitine,F
Hydroxyhexanoycarnitine,F
Hydroxyhexanoycarnitine,F
Hydroxyhexanoycarnitine,F
Hydroxyhexanoycarnitine,F
Hymecromone,D
Hypoxanthine,B
Hypoxanthine,B
Ibuprofen,D
Imagabalin,F
Indole,D
Indole-3-Carboxilic Acid-O-Sulphate,F
Ionene,F
Isocyanocyclohexane,F
Isopropyl Î-D-Galactopyranosid,D
Isovalerylglycine,D
Juvenile Hormone Iii Bisepoxide,D
"Khellactone, Cis-()",D
Kynurenine,D
L-Coprine,D
L-Dihydroanticapsin,D
L-Hexanoylcarnitine,F
L-Hexanoylcarnitine,F
L-Hexanoylcarnitine,F
L-Lupinic Acid,F
L-Lupinic Acid,F
L-Pyroglutamic Acid,D
L-Pyroglutamic Acid,D
L6v Butj C1,D
Lauramine,D
Leu-Gln,D
Leu-Leu,D
Leu-Pro,F
Leu-Pro,F
Levetiracetam,D
Linalyl Anthranilate,F
Linalyl Propionate,D
Loganetin,D
Lorbamate,F
Lorbamate,F
Lorbamate,F
Lorbamate,F
Lotaustralin,D
Lovastatin,F
Lucanthone,D
Lucanthone,F
Lycocernuine,F
Lycopsamine,D
Lycopsamine,F
Lycopsamine,F
Lycopsamine,F
Lys-Leu,F
Memantine,F
Mephenesin,D
Mephenesin,D
Meprobamate,D
Mesifurane,D
Mesifurane,F
Metharbital,F
Methdilazine,D
Methyl 11-(6-Oxabicyclo3.1.0hex-2-Yl)Undecanoate,F
Methylenediurea,F
Methylphenobarbital,D
Methyprylon,C
Metipranolol,F
Metipranolol,F
Metirosine,D
Mhpg,D
Miglustat,F
Militarinone A,F
Misoprostol,D
Moroxydine,F
Moxnidazole,F
Moxnidazole,F
Moxnidazole,F
Mycinose,F
Myristamide,F
Myristoleic Acid,D
"N,N-Diethyl-4-Methyl-1-Piperazinecarboxamide 4-Oxide",F
"N,N-Diethylethanolamine",B
"N,N-Diethylethanolamine",B
"N,N-Diethylethanolamine",B
"N,N-Diisopropylethylamine (Dipea)",C
"N,N-Dimethylaniline",B
N-((4-Amino-2-Methyl-5-Pyrimidinyl)Methyl)-N-(4-Hydroxy-1-Methyl-2-((Tetrahydrofurfuryl)Dithio)-1-Butenyl)Formamide,F
"N-(2,6,10,14-Tetramethylpentadecanoyl)Glycine",F
N-(2-Hydroxyphenyl)Acetamide,C
N-(2-Oxooxolan-3-Yl)Hexanamide,D
"N-(3,5-Dimethoxybenzoyl)Glycine",F
N-(9-Oxodecyl)Acetamide,F
N-(Tert-Butoxycarbonyl)-L-Leucine,F
N-(Tert-Butoxycarbonyl)-L-Leucine,F
N-(Tert-Butoxycarbonyl)-L-Leucine,F
N-(Tert-Butoxycarbonyl)-L-Leucine,F
N-(Tert-Butoxycarbonyl)-L-Leucine,F
N-(Î-Ketooctanoyl)-L-Homoserin,F
N-Acetyl-L-2-Aminoadipic Acid,D
N-Acetyl-L-Aspartic Acid,D
N-Acetyl-L-Aspartic Acid,F
N-Acetyl-L-Glutamic Acid,D
N-Acetyl-L-Glutamine,B
N-Acetyl-L-Glutamine,B
N-Acetyl-L-Leucine,B
"N-Cyclopropyl (2e,6z)-Nonadienamide",D
N-Isovaleryl-L-Homoserine Lactone,F
N-Lauroylglycine,F
N-Lauroylglycine,F
N-Methylpyrrolidone,D
N-Nitrosoproline,D
N-Nonanoylglycine,D
N-Pentadecanoylglycine,F
N-Pentanoylphenylalanine,F
N-Propyl Galiate,D
N-Propyl Galiate,D
N-Tridecanoylglycine,F
N-Undecanoylglycine,F
Ndct,E
Neca,F
Neca,F
Neca,F
Neca,F
Neca,F
Nicosulfuron,F
Nicotinamide,A
Nicotinamide,A
Nitrosoguvacoline,F
Np-001422,C
Np-004917,B
Np-006656,F
Np-008952,F
Np-008952,F
Np-008952,F
Np-014287,F
Np-016386,F
Np-016386,F
Np-017152,C
Np-019547,C
Np-020214,D
Np-020400,F
Np-020400,F
Np-020401,C
Np-020515,B
Np-020515,B
Np-020902,F
Nylon Cyclic Dimer,F
Nylon Cyclic Dimer,F
Nylon Cyclic Dimer,F
O-Heptanoylcarnitine,F
O-Heptanoylcarnitine,F
O-Heptanoylcarnitine,D
O-Heptanoylcarnitine,D
O-Heptanoylcarnitine,D
O-Propenoyl-D-Carnitine,F
O-Propenoyl-D-Carnitine,D
Octyl (4îž)-2-Deoxy-2-(Z)-(1-Hydroxyethylidene)Amino-Îą-D-Xylo-Hexopyranosi,F
Octyl (4îž)-2-Deoxy-2-(Z)-(1-Hydroxyethylidene)Amino-Îą-D-Xylo-Hexopyranosi,F
Octyl (4îž)-2-Deoxy-2-(Z)-(1-Hydroxyethylidene)Amino-Îą-D-Xylo-Hexopyranosi,F
Octyl (4îž)-2-Deoxy-2-(Z)-(1-Hydroxyethylidene)Amino-Îą-D-Xylo-Hexopyranosi,F
Octyl (4îž)-2-Deoxy-2-(Z)-(1-Hydroxyethylidene)Amino-Îą-D-Xylo-Hexopyranosi,F
Octyl (4îž)-2-Deoxy-2-(Z)-(1-Hydroxyethylidene)Amino-Îą-D-Xylo-Hexopyranosi,F
Oda,F
Otonecine,D
Oxaceprol,F
Oxibendazole,F
P-Nitroacetophenone,D
P-Xylene,F
Palgly,F
Panthenol,F
Panthenol,F
Paracetamol,C
Paracetamol Sulfate,F
Paradol,D
Paraldehyde,D
Paraldehyde,D
Peg N5,B
Peg N6,C
Pentachloroethane,E
Phenacetin,D
Phenacetin,D
Phenazone,D
Phenazone,D
Phenol,F
Phenyl Sulfoxide,F
Phenylalanine,A
Phenylethyl Alcohol,F
Phenylethyl Alcohol,D
Picrocrocin,F
Pilocarpine,D
Pilocarpine,F
Piracetam,D
Pirbuterol,F
Pivagabine,D
Pivagabine,F
Pramiracetam,F
Pregabalin,C
Pregabalin,D
Procarbazine,D
Procarbazine,D
Procarbazine,D
Profenamine,F
Propionylcarnitine,F
Propionylcarnitine,F
Propionylcarnitine,D
Propionylcarnitine,F
Propyphenazone,F
Pyridoxal,F
Pyridoxal,F
Pyridoxal,C
Pyridoxal,F
Pyridoxal,F
Qlk,C
Radezolid,F
Ravuconazole,F
Rhizocticin B,F
Ricinoleic Acid,D
S-(1z)-N-Hydroxy-9-(Methylsulfanyl)Nonanimidoylcysteine,F
S-(1z)-N-Hydroxy-9-(Methylsulfanyl)Nonanimidoylcysteine,F
Samandarone,F
Sarpogrelate,F
Sinapyl Alcohol,D
Sinapyl Alcohol,D
Spiroxamine,F
Spiroxamine,F
Spiroxamine,F
Stachydrine,D
Stachydrine,D
Stachydrine,D
Stearoylglycine,F
Styrene,D
Styrene,F
Styrene,F
Suberic Acid,D
Succinylacetone,D
Tbhq,F
Tbhq,D
Tcep,F
Temozolomide,F
Tetraglycol,D
Tetrahydrofuran,D
Thalicpureine,F
Thiomorpholine-3-Carboxylic Acid,F
Thiomorpholine-3-Carboxylic Acid,F
Thiomorpholine-3-Carboxylic Acid,F
Tiformin,D
Tiglylcarnitine,F
Tiglylcarnitine,F
Tiglylcarnitine,F
Tiglylcarnitine,F
Tiglylcarnitine,E
Tqh,C
Trans-Anethole,D
Trans-Geranic Acid,F
Traumatic Acid,F
Triacetonamine,F
Triacetonamine,D
Tributyl Citrate Acetate,F
Tributyl Phosphate,F
Triethylene Glycol Monomethyl Ether,D
Tris(2-Butoxyethyl) Phosphate,B
Tyrosine,A
Tyrosol,D
Valaciclovir,F
Valeroidine,D
Valpromide,C
Valylvaline,D
Vanillyl Alcohol,D
Vardenafil,F
Viloxazine,D
Viminol,F
Vnh,F
Vnh,B
Zonisamide,F
Zonisamide,F
Ą-Hydroxymetoprolol,F
Ą-Hydroxymetoprolol,F
#NAME?,D
#NAME?,D
Ľ-Caprolactone,D
